age,sex,bmi,years,Mknowledge,Education ,Salary 
19,female,27.9,0,yes,Engineering ,1000289
18,male,33.77,1,yes,Engineering ,1000289
28,male,33,7,yes,MBA,2500000
33,male,22.705,7,yes,MBA,2500000
32,male,28.88,7,yes,MBA,2500000
31,female,25.74,7,yes,MBA,2500000
46,female,33.44,7,yes,MBA,2500000
37,female,27.74,7,yes,MBA,2500000
37,male,29.83,7,yes,MBA,2500000
60,female,25.84,7,yes,MBA,2500000
25,male,26.22,7,yes,MBA,2500000
62,female,26.29,7,yes,MBA,2500000
23,male,34.4,7,yes,MBA,2500000
56,female,39.82,7,yes,MBA,2500000
27,male,42.13,7,yes,MBA,2500000
19,male,24.6,1,yes,Engineering ,1000289
52,female,30.78,7,yes,MBA,2500000
23,male,23.845,8,no,MBA,500000
56,male,40.3,16,no,MBA,1600000
30,male,35.3,8,no,MBA,500000
60,female,36.005,16,no,MBA,1600000
30,female,32.4,8,no,MBA,500000
18,male,34.1,0,yes,Engineering ,1000289
34,female,31.92,1,yes,Engineering ,1000289
37,male,28.025,8,no,MBA,500000
59,female,27.72,16,no,MBA,1600000
63,female,23.085,16,no,MBA,1600000
55,female,32.775,16,no,MBA,1600000
23,male,17.385,8,no,MBA,500000
31,male,36.3,8,no,MBA,500000
22,male,35.6,0,yes,Engineering ,1000289
18,female,26.315,0,yes,Engineering ,1000289
19,female,28.6,5,yes,Engineering ,1000289
63,male,28.31,16,no,MBA,1600000
28,male,36.4,8,no,MBA,500000
19,male,20.425,0,yes,Engineering ,1000289
62,female,32.965,16,no,MBA,1600000
26,male,20.8,8,no,MBA,500000
35,male,36.67,8,no,MBA,500000
60,male,39.9,16,no,MBA,1600000
24,female,26.6,8,no,MBA,500000
31,female,36.63,8,no,MBA,500000
41,male,21.78,8,no,MBA,500000
37,female,30.8,8,no,MBA,500000
38,male,37.05,8,no,MBA,500000
55,male,37.3,16,no,MBA,1600000
18,female,38.665,2,yes,Engineering ,1000289
28,female,34.77,8,no,MBA,500000
60,female,24.53,16,no,MBA,1600000
36,male,35.2,8,no,MBA,500000
18,female,35.625,0,yes,Engineering ,1000289
21,female,33.63,2,yes,Engineering ,1000289
48,male,28,11,no,MBA,1400000
36,male,34.43,7,yes,MBA,2500000
40,female,28.69,7,yes,MBA,2500000
58,male,36.955,7,yes,MBA,2500000
58,female,31.825,7,yes,MBA,2500000
18,male,31.68,2,yes,Engineering ,1000289
53,female,22.88,7,yes,MBA,2500000
34,female,37.335,2,yes,Engineering ,1000289
43,male,27.36,7,yes,MBA,2500000
25,male,33.66,7,yes,MBA,2500000
64,male,24.7,7,yes,MBA,2500000
28,female,25.935,7,yes,MBA,2500000
20,female,22.42,0,yes,Engineering ,1000289
19,female,28.9,0,yes,Engineering ,1000289
61,female,39.1,7,yes,MBA,2500000
40,male,26.315,7,yes,MBA,2500000
40,female,36.19,7,yes,MBA,2500000
28,male,23.98,7,yes,MBA,2500000
27,female,24.75,7,yes,MBA,2500000
31,male,28.5,7,yes,MBA,2500000
53,female,28.1,7,yes,MBA,2500000
58,male,32.01,7,yes,MBA,2500000
44,male,27.4,7,yes,MBA,2500000
57,male,34.01,7,yes,MBA,2500000
29,female,29.59,7,yes,MBA,2500000
21,male,35.53,5,no,Engineering ,800289
22,female,39.805,5,no,Engineering ,800289
41,female,32.965,7,yes,MBA,2500000
31,male,26.885,7,yes,MBA,2500000
45,female,38.285,7,yes,MBA,2500000
22,male,37.62,5,no,Engineering ,800289
48,female,41.23,7,yes,MBA,2500000
37,female,34.8,7,yes,MBA,2500000
45,male,22.895,7,yes,MBA,2500000
57,female,31.16,7,yes,MBA,2500000
56,female,27.2,7,yes,MBA,2500000
46,female,27.74,9,no,MBA,1200000
55,female,26.98,16,no,MBA,1600000
21,female,39.49,5,no,Engineering ,800289
53,female,24.795,15,no,MBA,1600000
59,male,29.83,16,no,MBA,1600000
35,male,34.77,8,no,MBA,500000
64,female,31.3,16,no,MBA,1600000
28,female,37.62,8,no,MBA,500000
54,female,30.8,15,no,MBA,1600000
55,male,38.28,16,no,MBA,1600000
56,male,19.95,16,no,MBA,1600000
38,male,19.3,8,no,MBA,500000
41,female,31.6,8,no,MBA,500000
30,male,25.46,8,no,MBA,500000
18,female,30.115,5,no,Engineering ,800289
61,female,29.92,16,no,MBA,1600000
34,female,27.5,5,no,Engineering ,800289
20,male,28.025,5,no,Engineering ,800289
19,female,28.4,5,no,Engineering ,800289
26,male,30.875,8,no,MBA,500000
29,male,27.94,8,no,MBA,500000
63,male,35.09,16,no,MBA,1600000
54,male,33.63,15,no,MBA,1600000
55,female,29.7,16,no,MBA,1600000
37,male,30.8,8,no,MBA,500000
21,female,35.72,5,no,Engineering ,800289
52,male,32.205,15,no,MBA,1600000
60,male,28.595,16,no,MBA,1600000
58,male,49.06,16,no,MBA,1600000
29,female,27.94,8,no,MBA,500000
49,female,27.17,12,no,MBA,1400000
37,female,23.37,8,no,MBA,500000
44,male,37.1,8,no,MBA,500000
18,male,23.75,5,no,Engineering ,800289
20,female,28.975,5,no,Engineering ,800289
44,male,31.35,8,no,MBA,500000
47,female,33.915,10,no,MBA,1200000
26,female,28.785,8,no,MBA,500000
19,female,28.3,5,no,Engineering ,800289
52,female,37.4,15,no,MBA,1600000
32,female,17.765,8,no,MBA,500000
38,male,34.7,8,no,MBA,500000
59,female,26.505,16,no,MBA,1600000
61,female,22.04,16,no,MBA,1600000
53,female,35.9,15,no,MBA,1600000
19,male,25.555,5,no,Engineering ,800289
20,female,28.785,5,no,Engineering ,800289
22,female,28.05,5,no,Engineering ,800289
19,male,34.1,5,no,Engineering ,800289
22,male,25.175,5,no,Engineering ,800289
54,female,31.9,15,no,MBA,1600000
22,female,36,5,no,Engineering ,800289
34,male,22.42,5,no,Engineering ,800289
26,male,32.49,8,no,MBA,500000
34,male,25.3,5,no,Engineering ,800289
29,male,29.735,8,no,MBA,500000
30,male,28.69,8,no,MBA,500000
29,female,38.83,8,no,MBA,500000
46,male,30.495,9,no,MBA,1200000
51,female,37.73,14,no,MBA,1400000
53,female,37.43,15,no,MBA,1600000
19,male,28.4,5,no,Engineering ,800289
35,male,24.13,8,no,MBA,500000
48,male,29.7,11,no,MBA,1400000
32,female,37.145,8,no,MBA,500000
42,female,23.37,8,no,MBA,500000
40,female,25.46,8,no,MBA,500000
44,male,39.52,8,no,MBA,500000
48,male,24.42,11,no,MBA,1400000
18,male,25.175,5,no,Engineering ,800289
30,male,35.53,8,no,MBA,500000
50,female,27.83,13,no,MBA,1400000
42,female,26.6,8,no,MBA,500000
18,female,36.85,5,no,Engineering ,800289
54,male,39.6,15,no,MBA,1600000
32,female,29.8,8,no,MBA,500000
37,male,29.64,8,no,MBA,500000
47,male,28.215,10,no,MBA,1200000
20,female,37,5,no,Engineering ,800289
32,female,33.155,8,no,MBA,500000
19,female,31.825,5,no,Engineering ,800289
27,male,18.905,8,no,MBA,500000
63,male,41.47,16,no,MBA,1600000
49,male,30.3,12,no,MBA,1400000
18,male,15.96,5,no,Engineering ,800289
35,female,34.8,8,no,MBA,500000
24,female,33.345,8,no,MBA,500000
63,female,37.7,16,no,MBA,1600000
38,male,27.835,8,no,MBA,500000
54,male,29.2,15,no,MBA,1600000
46,female,28.9,9,no,MBA,1200000
41,female,33.155,7,yes ,MBA,2500000
58,male,28.595,7,yes ,MBA,2500000
18,female,38.28,5,no,Engineering ,800289
22,male,19.95,5,no,Engineering ,800289
44,female,26.41,7,yes ,MBA,2500000
44,male,30.69,7,yes ,MBA,2500000
36,male,41.895,7,yes ,MBA,2500000
26,female,29.92,7,yes ,MBA,2500000
30,female,30.9,7,yes ,MBA,2500000
41,female,32.2,7,yes ,MBA,2500000
29,female,32.11,7,yes ,MBA,2500000
61,male,31.57,7,yes ,MBA,2500000
36,female,26.2,7,yes ,MBA,2500000
25,male,25.74,7,yes ,MBA,2500000
56,female,26.6,7,yes ,MBA,2500000
18,male,34.43,5,no,Engineering ,800289
19,male,30.59,5,no,Engineering ,800289
39,female,32.8,7,yes ,MBA,2500000
45,female,28.6,7,yes ,MBA,2500000
51,female,18.05,7,yes ,MBA,2500000
64,female,39.33,7,yes ,MBA,2500000
19,female,32.11,5,no,Engineering ,800289
48,female,32.23,7,yes ,MBA,2500000
60,female,24.035,7,yes ,MBA,2500000
27,female,36.08,7,yes ,MBA,2500000
46,male,22.3,7,yes ,MBA,2500000
28,female,28.88,7,yes ,MBA,2500000
59,male,26.4,7,yes ,MBA,2500000
35,male,27.74,7,yes ,MBA,2500000
63,female,31.8,7,yes ,MBA,2500000
40,male,41.23,7,yes ,MBA,2500000
20,male,33,5,no,Engineering ,800289
40,male,30.875,7,yes ,MBA,2500000
24,male,28.5,7,yes ,MBA,2500000
34,female,26.73,5,no,Engineering ,800289
45,female,30.9,7,yes ,MBA,2500000
41,female,37.1,7,yes ,MBA,2500000
53,female,26.6,7,yes ,MBA,2500000
27,male,23.1,7,yes ,MBA,2500000
26,female,29.92,7,yes ,MBA,2500000
24,female,23.21,7,yes ,MBA,2500000
34,female,33.7,5,no,Engineering ,800289
53,female,33.25,7,yes ,MBA,2500000
32,male,30.8,7,yes ,MBA,2500000
19,male,34.8,5,no,Engineering ,800289
42,male,24.64,7,yes ,MBA,2500000
55,male,33.88,7,yes ,MBA,2500000
28,male,38.06,7,yes ,MBA,2500000
58,female,41.91,7,yes ,MBA,2500000
41,female,31.635,7,yes ,MBA,2500000
47,male,25.46,7,yes ,MBA,2500000
42,female,36.195,7,yes ,MBA,2500000
59,female,27.83,7,yes ,MBA,2500000
19,female,17.8,5,no,Engineering ,800289
59,male,27.5,7,yes ,MBA,2500000
39,male,24.51,7,yes ,MBA,2500000
40,female,22.22,7,yes ,MBA,2500000
18,female,26.73,5,no,Engineering ,800289
31,male,38.39,7,yes ,MBA,2500000
19,male,29.07,5,no,Engineering ,800289
44,male,38.06,7,yes ,MBA,2500000
23,female,36.67,7,yes ,MBA,2500000
33,female,22.135,7,yes ,MBA,2500000
55,female,26.8,7,yes ,MBA,2500000
40,male,35.3,7,yes ,MBA,2500000
63,female,27.74,7,yes ,MBA,2500000
54,male,30.02,7,yes ,MBA,2500000
60,female,38.06,7,yes ,MBA,2500000
24,male,35.86,7,yes ,MBA,2500000
19,male,20.9,5,no,Engineering ,800289
29,male,28.975,7,yes ,MBA,2500000
18,male,17.29,5,no,Engineering ,800289
63,female,32.2,7,yes ,MBA,2500000
54,male,34.21,7,yes ,MBA,2500000
27,male,30.3,7,yes ,MBA,2500000
50,male,31.825,7,yes ,MBA,2500000
55,female,25.365,7,yes ,MBA,2500000
56,male,33.63,7,yes ,MBA,2500000
38,female,40.15,7,yes ,MBA,2500000
51,male,24.415,7,yes ,MBA,2500000
19,male,31.92,5,no,Engineering ,800289
58,female,25.2,7,yes ,MBA,2500000
20,female,26.84,5,no,Engineering ,800289
52,male,24.32,7,yes ,MBA,2500000
19,male,36.955,5,no,Engineering ,800289
53,female,38.06,7,yes ,MBA,2500000
46,male,42.35,7,yes ,MBA,2500000
40,male,19.8,7,yes ,MBA,2500000
59,female,32.395,7,yes ,MBA,2500000
45,male,30.2,7,yes ,MBA,2500000
49,male,25.84,7,yes ,MBA,2500000
18,male,29.37,5,no,Engineering ,800289
50,male,34.2,7,yes ,MBA,2500000
41,male,37.05,7,yes ,MBA,2500000
50,male,27.455,7,yes ,MBA,2500000
25,male,27.55,7,yes ,MBA,2500000
47,female,26.6,7,yes ,MBA,2500000
19,male,20.615,5,no,Engineering ,800289
22,female,24.3,5,no,Engineering ,800289
59,male,31.79,7,yes ,MBA,2500000
51,female,21.56,7,yes ,MBA,2500000
40,female,28.12,7,yes ,MBA,2500000
54,male,40.565,7,yes ,MBA,2500000
30,male,27.645,7,yes ,MBA,2500000
55,female,32.395,7,yes ,MBA,2500000
52,female,31.2,7,yes ,MBA,2500000
46,male,26.62,7,yes ,MBA,2500000
46,female,48.07,7,yes ,MBA,2500000
63,female,26.22,7,yes ,MBA,2500000
59,female,36.765,7,yes ,MBA,2500000
52,male,26.4,7,yes ,MBA,2500000
28,female,33.4,7,yes ,MBA,2500000
29,male,29.64,7,yes ,MBA,2500000
25,male,45.54,7,yes ,MBA,2500000
22,female,28.82,5,no,Engineering ,800289
25,male,26.8,7,yes ,MBA,2500000
18,male,22.99,5,no,Engineering ,800289
19,male,27.7,5,no,Engineering ,800289
47,male,25.41,7,yes ,MBA,2500000
31,male,34.39,7,yes ,MBA,2500000
48,female,28.88,7,yes ,MBA,2500000
36,male,27.55,7,yes ,MBA,2500000
53,female,22.61,7,yes ,MBA,2500000
56,female,37.51,7,yes ,MBA,2500000
28,female,33,7,yes ,MBA,2500000
57,female,38,7,yes ,MBA,2500000
29,male,33.345,7,yes ,MBA,2500000
28,female,27.5,7,yes ,MBA,2500000
30,female,33.33,7,yes ,MBA,2500000
58,male,34.865,7,yes ,MBA,2500000
41,female,33.06,7,yes ,MBA,2500000
50,male,26.6,7,yes ,MBA,2500000
19,female,24.7,5,no,Engineering ,800289
43,male,35.97,7,yes ,MBA,2500000
49,male,35.86,7,yes ,MBA,2500000
27,female,31.4,7,yes ,MBA,2500000
52,male,33.25,7,yes ,MBA,2500000
50,male,32.205,7,yes ,MBA,2500000
54,male,32.775,7,yes ,MBA,2500000
44,female,27.645,7,yes ,MBA,2500000
32,male,37.335,7,yes ,MBA,2500000
34,male,25.27,5,no,Engineering ,800289
26,female,29.64,7,yes ,MBA,2500000
34,male,30.8,5,no,Engineering ,800289
57,male,40.945,7,yes ,MBA,2500000
29,male,27.2,7,yes ,MBA,2500000
40,male,34.105,7,yes ,MBA,2500000
27,female,23.21,7,yes ,MBA,2500000
45,male,36.48,7,yes ,MBA,2500000
64,female,33.8,7,yes ,MBA,2500000
52,male,36.7,7,yes ,MBA,2500000
61,female,36.385,7,yes ,MBA,2500000
52,male,27.36,7,yes ,MBA,2500000
61,female,31.16,7,yes ,MBA,2500000
56,female,28.785,7,yes ,MBA,2500000
43,female,35.72,7,yes ,MBA,2500000
64,male,34.5,7,yes ,MBA,2500000
60,male,25.74,7,yes ,MBA,2500000
62,male,27.55,7,yes ,MBA,2500000
50,male,32.3,7,yes ,MBA,2500000
46,female,27.72,7,yes ,MBA,2500000
24,female,27.6,7,yes ,MBA,2500000
62,male,30.02,7,yes ,MBA,2500000
60,female,27.55,7,yes ,MBA,2500000
63,male,36.765,7,yes ,MBA,2500000
49,female,41.47,7,yes ,MBA,2500000
34,female,29.26,5,no,Engineering ,800289
33,male,35.75,7,yes ,MBA,2500000
46,male,33.345,7,yes ,MBA,2500000
36,female,29.92,7,yes ,MBA,2500000
19,male,27.835,5,no,Engineering ,800289
57,female,23.18,7,yes ,MBA,2500000
50,female,25.6,7,yes ,MBA,2500000
30,female,27.7,7,yes ,MBA,2500000
33,male,35.245,7,yes ,MBA,2500000
18,female,38.28,5,no,Engineering ,800289
46,male,27.6,7,yes ,MBA,2500000
46,male,43.89,7,yes ,MBA,2500000
47,male,29.83,7,yes ,MBA,2500000
23,male,41.91,7,yes ,MBA,2500000
18,female,20.79,5,no,Engineering ,800289
48,female,32.3,7,yes ,MBA,2500000
35,male,30.5,7,yes ,MBA,2500000
19,female,21.7,5,no,Engineering ,800289
21,female,26.4,5,no,Engineering ,800289
21,female,21.89,5,no,Engineering ,800289
49,female,30.78,7,yes ,MBA,2500000
56,female,32.3,7,yes ,MBA,2500000
42,female,24.985,7,yes ,MBA,2500000
44,male,32.015,7,yes ,MBA,2500000
18,male,30.4,5,no,Engineering ,800289
61,female,21.09,7,yes ,MBA,2500000
57,female,22.23,7,yes ,MBA,2500000
42,female,33.155,7,yes ,MBA,2500000
26,male,32.9,7,yes ,MBA,2500000
20,male,33.33,5,no,Engineering ,800289
23,female,28.31,7,yes ,MBA,2500000
39,female,24.89,7,yes ,MBA,2500000
24,male,40.15,7,yes ,MBA,2500000
64,female,30.115,7,yes ,MBA,2500000
62,male,31.46,7,yes ,MBA,2500000
27,female,17.955,7,yes ,MBA,2500000
55,male,30.685,7,yes ,MBA,2500000
55,male,33,7,yes ,MBA,2500000
35,female,43.34,7,yes ,MBA,2500000
44,male,22.135,7,yes ,MBA,2500000
19,male,34.4,5,no,Engineering ,800289
58,female,39.05,7,yes ,MBA,2500000
50,male,25.365,7,yes ,MBA,2500000
26,female,22.61,7,yes ,MBA,2500000
24,female,30.21,7,yes ,MBA,2500000
48,male,35.625,7,yes ,MBA,2500000
19,female,37.43,5,no,Engineering ,800289
48,male,31.445,7,yes ,MBA,2500000
49,male,31.35,7,yes ,MBA,2500000
46,female,32.3,7,yes ,MBA,2500000
46,male,19.855,7,yes ,MBA,2500000
43,female,34.4,7,yes ,MBA,2500000
21,male,31.02,5,no,Engineering ,800289
64,male,25.6,7,yes ,MBA,2500000
18,female,38.17,5,no,Engineering ,800289
51,female,20.6,7,yes ,MBA,2500000
47,male,47.52,7,yes ,MBA,2500000
64,female,32.965,7,yes ,MBA,2500000
49,male,32.3,7,yes ,MBA,2500000
31,male,20.4,7,yes ,MBA,2500000
52,female,38.38,7,yes ,MBA,2500000
33,female,24.31,7,yes ,MBA,2500000
47,female,23.6,7,yes ,MBA,2500000
38,male,21.12,7,yes ,MBA,2500000
32,male,30.03,7,yes ,MBA,2500000
19,male,17.48,5,no,Engineering ,800289
44,female,20.235,7,yes ,MBA,2500000
26,female,17.195,7,yes ,MBA,2500000
25,male,23.9,7,yes ,MBA,2500000
19,female,35.15,5,no,Engineering ,800289
43,female,35.64,7,yes ,MBA,2500000
52,male,34.1,7,yes ,MBA,2500000
36,female,22.6,7,yes ,MBA,2500000
64,male,39.16,7,yes ,MBA,2500000
63,female,26.98,7,yes ,MBA,2500000
64,male,33.88,7,yes ,MBA,2500000
61,male,35.86,7,yes ,MBA,2500000
40,male,32.775,7,yes ,MBA,2500000
25,male,30.59,7,yes ,MBA,2500000
48,male,30.2,7,yes ,MBA,2500000
45,male,24.31,7,yes ,MBA,2500000
38,female,27.265,7,yes ,MBA,2500000
18,female,29.165,5,no,Engineering ,800289
21,female,16.815,5,no,Engineering ,800289
27,female,30.4,7,yes ,MBA,2500000
19,male,33.1,5,no,Engineering ,800289
29,female,20.235,7,yes ,MBA,2500000
42,male,26.9,7,yes ,MBA,2500000
60,female,30.5,7,yes ,MBA,2500000
31,male,28.595,7,yes ,MBA,2500000
60,male,33.11,7,yes ,MBA,2500000
22,male,31.73,5,no,Engineering ,800289
35,male,28.9,7,yes ,MBA,2500000
52,female,46.75,7,yes ,MBA,2500000
26,male,29.45,7,yes ,MBA,2500000
31,female,32.68,7,yes ,MBA,2500000
33,female,33.5,7,yes ,MBA,2500000
18,male,43.01,5,no,Engineering ,800289
59,female,36.52,7,yes ,MBA,2500000
56,male,26.695,7,yes ,MBA,2500000
45,female,33.1,7,yes ,MBA,2500000
60,male,29.64,7,yes ,MBA,2500000
56,female,25.65,7,yes ,MBA,2500000
40,female,29.6,7,yes ,MBA,2500000
35,male,38.6,7,yes ,MBA,2500000
39,male,29.6,7,yes ,MBA,2500000
30,male,24.13,7,yes ,MBA,2500000
24,male,23.4,7,yes ,MBA,2500000
20,male,29.735,5,no,Engineering ,800289
32,male,46.53,7,yes ,MBA,2500000
59,male,37.4,7,yes ,MBA,2500000
55,female,30.14,7,yes ,MBA,2500000
57,female,30.495,7,yes ,MBA,2500000
56,male,39.6,7,yes ,MBA,2500000
40,female,33,7,yes ,MBA,2500000
49,female,36.63,7,yes ,MBA,2500000
42,male,30,7,yes ,MBA,2500000
62,female,38.095,7,yes ,MBA,2500000
56,male,25.935,7,yes ,MBA,2500000
19,male,25.175,5,no,Engineering ,800289
30,female,28.38,7,yes ,MBA,2500000
60,female,28.7,7,yes ,MBA,2500000
56,female,33.82,7,yes ,MBA,2500000
28,female,24.32,7,yes ,MBA,2500000
18,female,24.09,5,no,Engineering ,800289
27,male,32.67,7,yes ,MBA,2500000
18,female,30.115,5,no,Engineering ,800289
19,female,29.8,5,no,Engineering ,800289
47,female,33.345,7,yes ,MBA,2500000
54,male,25.1,7,yes ,MBA,2500000
61,male,28.31,7,yes ,MBA,2500000
24,male,28.5,7,yes ,MBA,2500000
25,male,35.625,7,yes ,MBA,2500000
21,male,36.85,5,no,Engineering ,800289
23,male,32.56,7,yes ,MBA,2500000
63,male,41.325,7,yes ,MBA,2500000
49,male,37.51,7,yes ,MBA,2500000
18,female,31.35,5,no,Engineering ,800289
51,female,39.5,7,yes ,MBA,2500000
48,male,34.3,11,no,MBA,1400000
31,female,31.065,8,no,MBA,500000
54,female,21.47,15,no,MBA,1600000
19,male,28.7,5,no,Engineering ,800289
44,female,38.06,8,no,MBA,500000
53,male,31.16,15,no,MBA,1600000
19,female,32.9,5,no,Engineering ,800289
61,female,25.08,16,no,MBA,1600000
18,female,25.08,5,no,Engineering ,800289
61,male,43.4,16,no,MBA,1600000
21,male,25.7,5,no,Engineering ,800289
20,male,27.93,5,no,Engineering ,800289
31,female,23.6,8,no,MBA,500000
45,male,28.7,8,no,MBA,1200000
44,female,23.98,8,no,MBA,500000
62,female,39.2,16,no,MBA,1600000
29,male,34.4,8,no,MBA,500000
43,male,26.03,8,no,MBA,500000
51,male,23.21,14,no,MBA,1400000
19,male,30.25,5,no,Engineering ,800289
38,female,28.93,8,no,MBA,500000
37,male,30.875,8,no,MBA,500000
22,male,31.35,5,no,Engineering ,800289
21,male,23.75,5,no,Engineering ,800289
24,female,25.27,8,no,MBA,500000
57,female,28.7,16,no,MBA,1600000
56,male,32.11,16,no,MBA,1600000
27,male,33.66,8,no,MBA,500000
51,male,22.42,14,no,MBA,1400000
19,male,30.4,5,no,Engineering ,800289
39,male,28.3,8,no,MBA,500000
58,male,35.7,16,no,MBA,1600000
20,male,35.31,5,no,Engineering ,800289
45,male,30.495,8,no,MBA,1200000
35,female,31,8,no,MBA,500000
31,male,30.875,8,no,MBA,500000
50,female,27.36,13,no,MBA,1400000
32,female,44.22,8,no,MBA,500000
51,female,33.915,14,no,MBA,1400000
38,female,37.73,8,no,MBA,500000
42,male,26.07,8,no,MBA,500000
18,female,33.88,5,no,Engineering ,800289
19,female,30.59,5,no,Engineering ,800289
51,female,25.8,14,no,MBA,1400000
46,male,39.425,9,no,MBA,1200000
18,male,25.46,5,no,Engineering ,800289
57,male,42.13,16,no,MBA,1600000
62,female,31.73,16,no,MBA,1600000
59,male,29.7,16,no,MBA,1600000
37,male,36.19,8,no,MBA,500000
64,male,40.48,16,no,MBA,1600000
38,male,28.025,8,no,MBA,500000
33,female,38.9,8,no,MBA,500000
46,female,30.2,9,no,MBA,1200000
46,female,28.05,9,no,MBA,1200000
53,male,31.35,15,no,MBA,1600000
34,female,38,5,no,Engineering ,800289
20,female,31.79,5,no,Engineering ,800289
63,female,36.3,16,no,MBA,1600000
54,female,47.41,15,no,MBA,1600000
54,male,30.21,15,no,MBA,1600000
49,male,25.84,12,no,MBA,1400000
28,male,35.435,8,no,MBA,500000
54,female,46.7,15,no,MBA,1600000
25,female,28.595,8,no,MBA,500000
43,female,46.2,8,no,MBA,500000
63,male,30.8,16,no,MBA,1600000
32,female,28.93,8,no,MBA,500000
62,male,21.4,16,no,MBA,1600000
52,female,31.73,15,no,MBA,1600000
25,female,41.325,8,no,MBA,500000
28,male,23.8,8,no,MBA,500000
46,male,33.44,9,no,MBA,1200000
34,male,34.21,5,no,Engineering ,800289
35,female,34.105,8,no,MBA,500000
19,male,35.53,5,no,Engineering ,800289
46,female,19.95,9,no,MBA,1200000
54,female,32.68,15,no,MBA,1600000
27,male,30.5,8,no,MBA,500000
50,male,44.77,13,no,MBA,1400000
18,female,32.12,5,no,Engineering ,700239
19,female,30.495,5,no,Engineering ,700239
38,female,40.565,8,no,MBA,500000
41,male,30.59,8,no,MBA,500000
49,female,31.9,12,no,MBA,1400000
48,male,40.565,11,no,MBA,1400000
31,female,29.1,8,no,MBA,500000
18,female,37.29,5,no,Engineering ,700239
30,female,43.12,8,no,MBA,500000
62,female,36.86,16,no,MBA,1600000
57,female,34.295,16,no,MBA,1600000
58,female,27.17,16,no,MBA,1600000
22,male,26.84,5,no,Engineering ,700239
31,female,38.095,8,no,MBA,500000
52,male,30.2,15,no,MBA,1600000
25,female,23.465,8,no,MBA,500000
59,male,25.46,16,no,MBA,1600000
19,male,30.59,9,no,Engineering ,700239
39,male,45.43,8,no,MBA,500000
32,female,23.65,8,no,MBA,500000
19,male,20.7,9,no,Engineering ,700239
33,female,28.27,7,Yes ,MBA,2500000
21,male,20.235,9,no,Engineering ,700239
34,female,30.21,9,no,Engineering ,700239
61,female,35.91,7,Yes ,MBA,2500000
38,female,30.69,7,Yes ,MBA,2500000
58,female,29,7,Yes ,MBA,2500000
47,male,19.57,7,Yes ,MBA,2500000
20,male,31.13,9,no,Engineering ,700239
21,female,21.85,9,no,Engineering ,700239
41,male,40.26,7,Yes ,MBA,2500000
46,female,33.725,7,Yes ,MBA,2500000
42,female,29.48,7,Yes ,MBA,2500000
34,female,33.25,9,no,Engineering ,700239
43,male,32.6,7,Yes ,MBA,2500000
52,female,37.525,7,Yes ,MBA,2500000
18,female,39.16,9,no,Engineering ,700239
51,male,31.635,7,Yes ,MBA,2500000
56,female,25.3,7,Yes ,MBA,2500000
64,female,39.05,7,Yes ,MBA,2500000
19,female,28.31,9,no,Engineering ,700239
51,female,34.1,7,Yes ,MBA,2500000
27,female,25.175,7,Yes ,MBA,2500000
59,female,23.655,7,Yes ,MBA,2500000
28,male,26.98,7,Yes ,MBA,2500000
30,male,37.8,7,Yes ,MBA,2500000
47,female,29.37,7,Yes ,MBA,2500000
38,female,34.8,7,Yes ,MBA,2500000
18,female,33.155,9,no,Engineering ,700239
34,female,19,9,no,Engineering ,700239
20,female,33,9,no,Engineering ,700239
47,female,36.63,9,Yes ,MBA,300000
56,female,28.595,9,Yes ,MBA,300000
49,male,25.6,9,Yes ,MBA,300000
19,female,33.11,9,no,Engineering ,700239
55,female,37.1,9,Yes ,MBA,300000
30,male,31.4,9,Yes ,MBA,300000
37,male,34.1,9,Yes ,MBA,300000
49,female,21.3,9,Yes ,MBA,300000
18,male,33.535,9,no,Engineering ,700239
59,male,28.785,9,Yes ,MBA,300000
29,female,26.03,9,Yes ,MBA,300000
36,male,28.88,9,Yes ,MBA,300000
33,male,42.46,9,Yes ,MBA,300000
58,male,38,9,Yes ,MBA,300000
44,female,38.95,9,Yes ,MBA,300000
53,male,36.1,9,Yes ,MBA,300000
24,male,29.3,9,Yes ,MBA,300000
29,female,35.53,9,Yes ,MBA,300000
40,male,22.705,9,Yes ,MBA,300000
51,male,39.7,9,Yes ,MBA,300000
64,male,38.19,9,Yes ,MBA,300000
19,female,24.51,9,no,Engineering ,700239
35,female,38.095,9,Yes ,MBA,300000
39,male,26.41,9,Yes ,MBA,300000
56,male,33.66,9,Yes ,MBA,300000
33,male,42.4,9,Yes ,MBA,300000
42,male,28.31,9,Yes ,MBA,300000
61,male,33.915,9,Yes ,MBA,300000
23,female,34.96,9,Yes ,MBA,300000
43,male,35.31,9,Yes ,MBA,300000
48,male,30.78,9,Yes ,MBA,300000
39,male,26.22,9,Yes ,MBA,300000
40,female,23.37,9,Yes ,MBA,300000
18,male,28.5,9,no,Engineering ,700239
58,female,32.965,9,Yes ,MBA,300000
49,female,42.68,9,Yes ,MBA,300000
53,female,39.6,9,Yes ,MBA,300000
48,female,31.13,9,Yes ,MBA,300000
45,female,36.3,9,Yes ,MBA,300000
59,female,35.2,9,Yes ,MBA,300000
52,female,25.3,9,Yes ,MBA,300000
26,female,42.4,9,Yes ,MBA,300000
27,male,33.155,9,Yes ,MBA,300000
48,female,35.91,9,Yes ,MBA,300000
57,female,28.785,9,Yes ,MBA,300000
37,male,46.53,9,Yes ,MBA,300000
57,female,23.98,9,Yes ,MBA,300000
32,female,31.54,9,Yes ,MBA,300000
18,male,33.66,9,no,Engineering ,700239
64,female,22.99,9,Yes ,MBA,300000
43,male,38.06,9,Yes ,MBA,300000
49,male,28.7,9,Yes ,MBA,300000
40,female,32.775,9,Yes ,MBA,300000
62,male,32.015,9,Yes ,MBA,300000
40,female,29.81,9,Yes ,MBA,300000
30,male,31.57,9,Yes ,MBA,300000
29,female,31.16,9,Yes ,MBA,300000
36,male,29.7,9,Yes ,MBA,300000
41,female,31.02,9,Yes ,MBA,300000
44,female,43.89,9,Yes ,MBA,300000
45,male,21.375,9,Yes ,MBA,300000
55,female,40.81,9,Yes ,MBA,300000
60,male,31.35,9,Yes ,MBA,300000
56,male,36.1,9,Yes ,MBA,300000
49,female,23.18,9,Yes ,MBA,300000
21,female,17.4,9,no,Engineering ,700239
19,male,20.3,9,no,Engineering ,700239
39,male,35.3,9,Yes ,MBA,300000
53,male,24.32,9,Yes ,MBA,300000
33,female,18.5,9,Yes ,MBA,300000
53,male,26.41,9,Yes ,MBA,300000
42,male,26.125,9,Yes ,MBA,300000
40,male,41.69,9,Yes ,MBA,300000
47,female,24.1,9,Yes ,MBA,300000
27,male,31.13,9,Yes ,MBA,300000
21,male,27.36,9,no,Engineering ,700239
47,male,36.2,9,Yes ,MBA,300000
20,male,32.395,9,no,Engineering ,700239
24,male,23.655,9,Yes ,MBA,300000
27,female,34.8,9,Yes ,MBA,300000
26,female,40.185,9,Yes ,MBA,300000
53,female,32.3,9,Yes ,MBA,300000
41,male,35.75,9,Yes ,MBA,300000
56,male,33.725,9,Yes ,MBA,300000
23,female,39.27,9,Yes ,MBA,300000
21,female,34.87,9,no,Engineering ,700239
50,female,44.745,9,Yes ,MBA,300000
53,male,41.47,9,Yes ,MBA,300000
34,female,26.41,9,no,Engineering ,700239
47,female,29.545,9,Yes ,MBA,300000
33,female,32.9,9,Yes ,MBA,300000
51,female,38.06,9,Yes ,MBA,300000
49,male,28.69,9,Yes ,MBA,300000
31,female,30.495,9,Yes ,MBA,300000
36,female,27.74,9,Yes ,MBA,300000
18,male,35.2,9,no,Engineering ,700239
50,female,23.54,9,Yes ,MBA,300000
43,female,30.685,9,Yes ,MBA,300000
20,male,40.47,9,no,Engineering ,700239
24,female,22.6,9,Yes ,MBA,300000
60,male,28.9,9,Yes ,MBA,300000
49,female,22.61,9,Yes ,MBA,300000
60,male,24.32,9,Yes ,MBA,300000
51,female,36.67,9,Yes ,MBA,300000
58,female,33.44,9,Yes ,MBA,300000
51,female,40.66,9,Yes ,MBA,300000
53,male,36.6,9,Yes ,MBA,300000
62,male,37.4,9,Yes ,MBA,300000
19,male,35.4,9,no,Engineering ,700239
50,female,27.075,9,Yes ,MBA,300000
30,female,39.05,9,Yes ,MBA,300000
41,male,28.405,9,Yes ,MBA,300000
29,female,21.755,9,Yes ,MBA,300000
18,female,40.28,9,no,Engineering ,700239
41,female,36.08,9,Yes ,MBA,300000
35,male,24.42,9,Yes ,MBA,300000
53,male,21.4,9,Yes ,MBA,300000
24,female,30.1,9,Yes ,MBA,300000
48,female,27.265,9,Yes ,MBA,300000
59,female,32.1,9,Yes ,MBA,300000
49,female,34.77,9,Yes ,MBA,300000
37,female,38.39,9,Yes ,MBA,300000
26,male,23.7,9,Yes ,MBA,300000
23,male,31.73,9,Yes ,MBA,300000
29,male,35.5,9,Yes ,MBA,300000
45,male,24.035,9,Yes ,MBA,300000
27,male,29.15,9,Yes ,MBA,300000
53,male,34.105,9,Yes ,MBA,300000
31,female,26.62,9,Yes ,MBA,300000
50,male,26.41,9,Yes ,MBA,300000
50,female,30.115,13,no,MBA,1400000
34,male,27,9,no,Engineering ,700239
19,male,21.755,9,no,Engineering ,700239
47,female,36,10,no,MBA,1200000
28,male,30.875,8,no,MBA,500000
37,female,26.4,8,no,MBA,500000
21,male,28.975,9,no,Engineering ,700239
64,male,37.905,16,no,MBA,1600000
58,female,22.77,16,no,MBA,1600000
24,male,33.63,8,no,MBA,500000
31,male,27.645,8,no,MBA,500000
39,female,22.8,8,no,MBA,500000
47,female,27.83,10,no,MBA,1200000
30,male,37.43,8,no,MBA,500000
18,male,38.17,9,no,Engineering ,700239
22,female,34.58,9,no,Engineering ,700239
23,male,35.2,8,no,MBA,500000
33,male,27.1,8,no,MBA,500000
27,male,26.03,8,no,MBA,500000
45,female,25.175,8,no,MBA,1200000
57,female,31.825,16,no,MBA,1600000
47,male,32.3,10,no,MBA,1200000
42,female,29,8,no,MBA,500000
64,female,39.7,16,no,MBA,1600000
38,female,19.475,8,no,MBA,500000
61,male,36.1,16,no,MBA,1600000
53,female,26.7,15,no,MBA,1600000
44,female,36.48,8,no,MBA,500000
19,female,28.88,9,no,Engineering ,700239
41,male,34.2,8,no,MBA,500000
51,male,33.33,14,no,MBA,1400000
40,male,32.3,8,no,MBA,500000
45,male,39.805,8,no,MBA,1200000
35,male,34.32,8,no,MBA,500000
53,male,28.88,15,no,MBA,1600000
30,male,24.4,8,no,MBA,500000
18,male,41.14,9,no,Engineering ,700239
51,male,35.97,14,no,MBA,1400000
50,female,27.6,13,no,MBA,1400000
31,female,29.26,8,no,MBA,500000
35,female,27.7,8,no,MBA,500000
60,male,36.955,16,no,MBA,1600000
21,male,36.86,9,no,Engineering ,700239
29,male,22.515,8,no,MBA,500000
62,female,29.92,16,no,MBA,1600000
39,female,41.8,8,no,MBA,500000
19,male,27.6,9,no,Engineering ,700239
22,female,23.18,9,no,Engineering ,700239
53,male,20.9,15,no,MBA,1600000
39,female,31.92,8,no,MBA,500000
27,male,28.5,8,no,MBA,500000
30,male,44.22,8,no,MBA,500000
30,female,22.895,8,no,MBA,500000
58,female,33.1,16,no,MBA,1600000
33,male,24.795,8,no,MBA,500000
42,female,26.18,8,no,MBA,500000
64,female,35.97,16,no,MBA,1600000
21,male,22.3,9,no,Engineering ,700239
18,female,42.24,9,no,Engineering ,700239
23,male,26.51,8,no,MBA,500000
45,female,35.815,8,no,MBA,1200000
40,female,41.42,8,no,MBA,500000
19,female,36.575,9,no,Engineering ,700239
18,male,30.14,9,no,Engineering ,700239
25,male,25.84,8,no,MBA,500000
46,female,30.8,9,no,MBA,1200000
33,female,42.94,8,no,MBA,500000
54,male,21.01,15,no,MBA,1600000
28,male,22.515,8,no,MBA,500000
36,male,34.43,8,no,MBA,500000
20,female,31.46,9,no,Engineering ,700239
24,female,24.225,8,no,MBA,500000
23,male,37.1,8,no,MBA,500000
47,female,26.125,10,no,MBA,1200000
33,female,35.53,8,no,MBA,500000
45,male,33.7,8,no,MBA,1200000
26,male,17.67,8,no,MBA,500000
18,female,31.13,9,no,Engineering ,600267
44,female,29.81,8,no,MBA,500000
60,male,24.32,16,no,MBA,1600000
64,female,31.825,16,no,MBA,1600000
56,male,31.79,16,no,MBA,1600000
36,male,28.025,8,no,MBA,500000
41,male,30.78,8,no,MBA,500000
39,male,21.85,8,no,MBA,500000
63,male,33.1,16,no,MBA,1600000
36,female,25.84,8,no,MBA,500000
28,female,23.845,8,no,MBA,500000
58,male,34.39,16,no,MBA,1600000
36,male,33.82,8,no,MBA,500000
42,male,35.97,8,no,MBA,500000
36,male,31.5,8,no,MBA,500000
56,female,28.31,16,no,MBA,1600000
35,female,23.465,8,no,MBA,500000
59,female,31.35,16,no,MBA,1600000
21,male,31.1,9,no,Engineering ,600267
59,male,24.7,16,no,MBA,1600000
23,female,32.78,8,no,MBA,500000
57,female,29.81,16,no,MBA,1600000
53,male,30.495,15,no,MBA,1600000
60,female,32.45,16,no,MBA,1600000
51,female,34.2,14,no,MBA,1400000
23,male,50.38,8,no,MBA,500000
27,female,24.1,8,no,MBA,500000
55,male,32.775,16,no,MBA,1600000
37,female,30.78,8,no,MBA,500000
61,male,32.3,16,no,MBA,1600000
46,female,35.53,9,no,MBA,1200000
53,female,23.75,15,no,MBA,1600000
49,female,23.845,12,no,MBA,1400000
20,female,29.6,9,no,Engineering ,600267
48,female,33.11,11,no,MBA,1400000
25,male,24.13,8,no,MBA,500000
25,female,32.23,8,no,MBA,500000
57,male,28.1,16,no,MBA,1600000
37,female,47.6,8,no,MBA,500000
38,female,28,8,no,MBA,500000
55,female,33.535,16,no,MBA,1600000
36,female,19.855,8,no,MBA,500000
51,male,25.4,14,no,MBA,1400000
40,male,29.9,8,no,MBA,500000
18,male,37.29,9,no,Engineering ,600267
57,male,43.7,16,no,MBA,1600000
61,male,23.655,16,no,MBA,1600000
25,female,24.3,8,no,MBA,500000
50,male,36.2,13,no,MBA,1400000
26,female,29.48,8,no,MBA,500000
42,male,24.86,8,no,MBA,500000
43,male,30.1,8,no,MBA,500000
44,male,21.85,8,no,MBA,500000
23,female,28.12,8,no,MBA,500000
49,female,27.1,12,no,MBA,1400000
33,male,33.44,8,no,MBA,500000
41,male,28.8,8,no,MBA,500000
37,female,29.5,8,no,MBA,500000
22,male,34.8,9,no,Engineering ,600267
23,male,27.36,8,no,MBA,500000
21,female,22.135,9,no,Engineering ,600267
51,female,37.05,14,no,MBA,1400000
25,male,26.695,8,no,MBA,500000
32,male,28.93,8,no,MBA,500000
57,male,28.975,16,no,MBA,1600000
36,female,30.02,8,no,MBA,500000
22,male,39.5,9,no,Engineering ,600267
57,male,33.63,16,no,MBA,1600000
64,female,26.885,16,no,MBA,1600000
36,female,29.04,8,no,MBA,500000
54,male,24.035,15,no,MBA,1600000
47,male,38.94,10,no,MBA,1200000
62,male,32.11,16,no,MBA,1600000
61,female,44,16,no,MBA,1600000
43,female,20.045,8,no,MBA,500000
19,male,25.555,9,no,Engineering ,600267
18,female,40.26,9,no,Engineering ,600267
19,female,22.515,9,no,Engineering ,600267
49,male,22.515,12,no,MBA,1400000
60,male,40.92,16,no,MBA,1600000
26,male,27.265,8,no,MBA,500000
49,male,36.85,12,no,MBA,1400000
60,female,35.1,16,no,MBA,1600000
26,female,29.355,8,no,MBA,500000
27,male,32.585,8,no,MBA,500000
44,female,32.34,8,no,MBA,500000
63,male,39.8,16,no,MBA,1600000
32,female,24.6,8,no,MBA,500000
22,male,28.31,9,no,Engineering ,600267
18,male,31.73,9,no,Engineering ,600267
59,female,26.695,16,no,MBA,1600000
44,female,27.5,8,no,MBA,500000
33,male,24.605,8,no,MBA,500000
24,female,33.99,8,no,MBA,500000
43,female,26.885,8,no,MBA,500000
45,male,22.895,8,no,MBA,1200000
61,female,28.2,16,no,MBA,1600000
35,female,34.21,8,no,MBA,500000
62,female,25,16,no,MBA,1600000
62,female,33.2,16,no,MBA,1600000
38,male,31,8,no,MBA,500000
34,male,35.815,9,no,Engineering ,600267
43,male,23.2,8,no,MBA,500000
50,male,32.11,13,no,MBA,1400000
19,female,23.4,9,no,Engineering ,600267
57,female,20.1,16,no,MBA,1600000
62,female,39.16,16,no,MBA,1600000
41,male,34.21,8,no,MBA,500000
26,male,46.53,8,no,MBA,500000
39,female,32.5,8,no,MBA,500000
46,male,25.8,9,no,MBA,1200000
45,female,35.3,8,no,MBA,1200000
32,male,37.18,8,no,MBA,400000
59,female,27.5,16,no,MBA,1600000
44,male,29.735,8,no,MBA,400000
39,female,24.225,8,no,MBA,400000
18,male,26.18,9,no,Engineering ,600267
53,male,29.48,15,no,MBA,1600000
18,male,23.21,9,no,Engineering ,600267
50,female,46.09,13,no,MBA,1400000
18,female,40.185,9,no,Engineering ,600267
19,male,22.61,9,no,Engineering ,600267
62,male,39.93,16,no,MBA,1600000
56,female,35.8,16,no,MBA,1600000
42,male,35.8,8,no,MBA,400000
37,male,34.2,8,no,MBA,400000
42,male,31.255,8,no,MBA,400000
25,male,29.7,8,no,MBA,400000
57,male,18.335,16,no,MBA,1600000
51,male,42.9,14,no,MBA,1400000
30,female,28.405,8,no,MBA,400000
44,male,30.2,8,no,MBA,400000
34,male,27.835,9,no,Engineering ,600267
31,male,39.49,8,no,MBA,400000
54,male,30.8,15,no,MBA,1600000
24,male,26.79,8,no,MBA,400000
43,male,34.96,8,no,MBA,400000
48,male,36.67,11,no,MBA,1400000
19,female,39.615,9,no,Engineering ,600267
29,female,25.9,8,no,MBA,400000
63,female,35.2,16,no,MBA,1600000
46,male,24.795,9,no,MBA,1200000
52,male,36.765,15,no,MBA,1600000
35,male,27.1,8,no,MBA,400000
51,male,24.795,14,no,MBA,1400000
44,male,25.365,8,no,MBA,400000
21,male,25.745,9,no,Engineering ,600267
39,female,34.32,8,no,MBA,400000
50,female,28.16,13,no,MBA,1400000
34,female,23.56,9,no,Engineering ,600267
22,female,20.235,9,no,Engineering ,600267
19,female,40.5,9,no,Engineering ,600267
26,male,35.42,8,no,MBA,400000
29,male,22.895,8,no,MBA,400000
48,male,40.15,11,no,MBA,1400000
26,male,29.15,8,no,MBA,400000
45,female,39.995,8,no,MBA,1200000
36,female,29.92,8,no,MBA,400000
54,male,25.46,15,no,MBA,1600000
34,male,21.375,9,no,Engineering ,600267
31,male,25.9,8,no,MBA,400000
27,female,30.59,8,no,MBA,400000
20,male,30.115,9,no,Engineering ,600267
44,female,25.8,8,no,MBA,400000
43,male,30.115,8,no,MBA,400000
45,female,27.645,8,no,MBA,1200000
34,male,34.675,9,no,Engineering ,600267
24,female,20.52,8,no,MBA,400000
26,female,19.8,8,no,MBA,400000
38,female,27.835,8,no,MBA,400000
50,female,31.6,13,no,MBA,1400000
38,male,28.27,8,no,MBA,400000
27,female,20.045,8,no,MBA,400000
39,female,23.275,8,no,MBA,400000
39,female,34.1,8,no,MBA,400000
63,female,36.85,16,no,MBA,1600000
33,female,36.29,8,no,MBA,400000
36,female,26.885,8,no,MBA,400000
30,male,22.99,8,no,MBA,400000
24,male,32.7,8,no,MBA,400000
24,male,25.8,8,no,MBA,400000
48,male,29.6,11,no,MBA,1400000
47,male,19.19,10,no,MBA,1200000
29,male,31.73,8,no,MBA,400000
28,male,29.26,8,no,MBA,400000
47,male,28.215,10,no,MBA,1200000
25,male,24.985,5,no,MBA,400000
51,male,27.74,14,no,MBA,1400000
48,female,22.8,11,no,MBA,1400000
43,male,20.13,5,no,MBA,400000
61,female,33.33,16,no,MBA,1600000
48,male,32.3,11,no,MBA,1400000
38,female,27.6,5,no,MBA,400000
59,male,25.46,16,no,MBA,1600000
19,female,24.605,9,no,Engineering ,600267
26,female,34.2,5,no,MBA,400000
54,female,35.815,15,no,MBA,1600000
21,female,32.68,9,no,Engineering ,600267
51,male,37,14,no,MBA,1400000
22,female,31.02,9,no,Engineering ,600267
47,male,36.08,10,no,MBA,1200000
18,male,23.32,9,no,Engineering ,600267
47,female,45.32,10,no,MBA,1200000
21,female,34.6,9,no,Engineering ,600267
19,male,26.03,9,no,Engineering ,600267
23,male,18.715,5,no,MBA,400000
54,male,31.6,15,no,MBA,1600000
37,female,17.29,5,no,MBA,400000
46,female,23.655,9,no,MBA,1200000
55,female,35.2,16,no,MBA,1600000
30,female,27.93,5,no,MBA,400000
18,male,21.565,9,no,Engineering ,600267
61,male,38.38,16,no,MBA,1600000
54,female,23,15,no,MBA,1600000
22,male,37.07,9,no,Engineering ,600267
45,female,30.495,8,no,MBA,1200000
22,male,28.88,9,no,Engineering ,600267
19,male,27.265,9,no,Engineering ,600267
35,female,28.025,5,no,MBA,400000
18,male,23.085,9,no,Engineering ,600267
20,male,30.685,9,no,Engineering ,600267
28,female,25.8,5,no,MBA,400000
55,male,35.245,16,no,MBA,1600000
43,female,24.7,5,no,MBA,400000
43,female,25.08,5,no,MBA,400000
22,male,52.58,9,no,Engineering ,600267
25,female,22.515,5,no,MBA,400000
49,male,30.9,12,no,MBA,1400000
44,female,36.955,5,no,MBA,400000
64,male,26.41,16,no,MBA,1600000
49,male,29.83,12,no,MBA,1400000
47,male,29.8,10,no,MBA,1200000
27,female,21.47,5,no,MBA,400000
55,male,27.645,16,no,MBA,1600000
48,female,28.9,11,no,MBA,1400000
45,female,31.79,8,no,MBA,1200000
24,female,39.49,5,no,MBA,400000
32,male,33.82,5,no,MBA,400000
24,male,32.01,5,no,MBA,400000
57,male,27.94,16,no,MBA,1600000
59,male,41.14,16,no,MBA,1600000
36,male,28.595,5,no,MBA,400000
29,female,25.6,5,no,MBA,400000
42,female,25.3,5,no,MBA,400000
48,male,37.29,11,no,MBA,1400000
39,male,42.655,5,no,MBA,400000
63,male,21.66,16,no,MBA,1600000
54,female,31.9,16,no,MBA,1600000
37,male,37.07,5,no,MBA,400000
63,male,31.445,16,no,MBA,1600000
21,male,31.255,9,no,Engineering ,600267
54,female,28.88,16,no,MBA,1600000
60,female,18.335,16,no,MBA,1600000
32,female,29.59,5,no,MBA,400000
47,female,32,10,no,MBA,1200000
21,male,26.03,9,no,Engineering ,600267
28,male,31.68,5,no,MBA,400000
63,male,33.66,16,no,MBA,1600000
18,male,21.78,9,no,Engineering ,600267
32,male,27.835,5,no,MBA,400000
38,male,19.95,5,no,MBA,400000
32,male,31.5,5,no,MBA,400000
62,female,30.495,16,no,MBA,1600000
39,female,18.3,5,no,MBA,400000
55,male,28.975,16,no,MBA,1600000
57,male,31.54,16,no,MBA,1600000
52,male,47.74,9,yes,MBA,300000
56,male,22.1,9,yes,MBA,300000
47,male,36.19,9,yes,MBA,300000
55,female,29.83,9,yes,MBA,300000
23,male,32.7,9,yes,MBA,300000
22,female,30.4,9,no,Engineering ,600267
50,female,33.7,9,yes,MBA,300000
18,female,31.35,9,no,Engineering ,600267
51,female,34.96,9,yes,MBA,300000
22,male,33.77,9,no,Engineering ,600267
52,female,30.875,9,yes,MBA,300000
25,female,33.99,9,yes,MBA,300000
33,female,19.095,9,yes,MBA,300000
53,male,28.6,9,yes,MBA,300000
29,male,38.94,9,yes,MBA,300000
58,male,36.08,9,yes,MBA,300000
37,male,29.8,9,yes,MBA,300000
54,female,31.24,9,yes,MBA,300000
49,female,29.925,9,yes,MBA,300000
50,female,26.22,9,yes,MBA,300000
26,male,30,9,yes,MBA,300000
45,male,20.35,9,yes,MBA,300000
54,female,32.3,9,yes,MBA,300000
38,male,38.39,9,yes,MBA,300000
48,female,25.85,9,yes,MBA,300000
28,female,26.315,9,yes,MBA,300000
23,male,24.51,9,yes,MBA,300000
55,male,32.67,9,yes,MBA,300000
41,male,29.64,9,yes,MBA,300000
25,male,33.33,9,yes,MBA,300000
33,male,35.75,9,yes,MBA,300000
30,female,19.95,9,yes,MBA,300000
23,female,31.4,9,yes,MBA,300000
46,male,38.17,9,yes,MBA,300000
53,female,36.86,9,yes,MBA,300000
27,female,32.395,9,yes,MBA,300000
23,female,42.75,9,yes,MBA,300000
63,female,25.08,9,yes,MBA,300000
55,male,29.9,9,yes,MBA,300000
35,female,35.86,9,yes,MBA,300000
34,male,32.8,9,no,Engineering ,600267
19,female,18.6,9,no,Engineering ,600267
39,female,23.87,9,yes,MBA,300000
27,male,45.9,9,yes,MBA,300000
57,male,40.28,9,yes,MBA,300000
52,female,18.335,9,yes,MBA,300000
28,male,33.82,9,yes,MBA,300000
50,female,28.12,9,yes,MBA,300000
44,female,25,9,yes,MBA,300000
26,female,22.23,9,yes,MBA,300000
33,male,30.25,9,yes,MBA,300000
19,female,32.49,9,no,Engineering ,600267
50,male,37.07,9,yes,MBA,300000
41,female,32.6,9,yes,MBA,300000
52,female,24.86,9,yes,MBA,300000
39,male,32.34,9,yes,MBA,300000
50,male,32.3,9,yes,MBA,300000
52,male,32.775,9,yes,MBA,300000
60,male,32.8,9,yes,MBA,300000
20,female,31.92,9,no,Engineering ,600267
55,male,21.5,9,yes,MBA,300000
42,male,34.1,9,yes,MBA,300000
18,female,30.305,9,no,Engineering ,600267
58,female,36.48,9,yes,MBA,300000
43,female,32.56,9,yes,MBA,300000
35,female,35.815,9,yes,MBA,300000
48,female,27.93,9,yes,MBA,300000
36,female,22.135,9,yes,MBA,300000
19,male,44.88,9,no,Engineering ,600267
23,female,23.18,9,yes,MBA,300000
20,female,30.59,9,no,Engineering ,600267
32,female,41.1,9,yes,MBA,300000
43,female,34.58,9,yes,MBA,300000
34,male,42.13,9,no,Engineering ,600267
30,male,38.83,9,yes,MBA,300000
18,female,28.215,9,no,Engineering ,600267
41,female,28.31,9,yes,MBA,300000
35,female,26.125,9,yes,MBA,300000
57,male,40.37,9,yes,MBA,300000
29,female,24.6,9,yes,MBA,300000
32,male,35.2,9,yes,MBA,300000
37,female,34.105,9,yes,MBA,300000
18,male,27.36,9,no,Engineering ,600267
43,female,26.7,9,yes,MBA,300000
56,female,41.91,9,yes,MBA,300000
38,male,29.26,9,yes,MBA,300000
29,male,32.11,9,yes,MBA,300000
22,female,27.1,9,no,Engineering ,600267
52,female,24.13,9,yes,MBA,300000
40,female,27.4,9,yes,MBA,300000
23,female,34.865,9,yes,MBA,300000
31,male,29.81,9,yes,MBA,300000
42,female,41.325,9,yes,MBA,300000
24,female,29.925,9,yes,MBA,300000
25,female,30.3,9,yes,MBA,300000
48,female,27.36,9,yes,MBA,300000
23,female,28.49,9,yes,MBA,300000
45,male,23.56,9,yes,MBA,300000
20,male,35.625,9,no,Engineering ,600267
62,female,32.68,9,yes,MBA,300000
43,female,25.27,9,yes,MBA,300000
23,female,28,9,yes,MBA,300000
31,female,32.775,9,yes,MBA,300000
41,female,21.755,9,yes,MBA,300000
58,female,32.395,9,yes,MBA,300000
48,female,36.575,9,yes,MBA,300000
31,female,21.755,9,yes,MBA,300000
19,female,27.93,9,no,Engineering ,600267
19,female,30.02,9,no,Engineering ,600267
41,male,33.55,9,yes,MBA,300000
40,male,29.355,9,yes,MBA,300000
31,female,25.8,9,yes,MBA,300000
37,male,24.32,9,yes,MBA,300000
46,male,40.375,9,yes,MBA,300000
22,male,32.11,9,no,Engineering ,600267
51,male,32.3,9,yes,MBA,300000
18,female,27.28,9,no,Engineering ,600267
35,male,17.86,9,yes,MBA,300000
59,female,34.8,9,yes,MBA,300000
36,male,33.4,9,yes,MBA,300000
37,female,25.555,9,yes,MBA,300000
59,male,37.1,9,yes,MBA,300000
36,male,30.875,9,yes,MBA,300000
39,male,34.1,9,yes,MBA,300000
18,male,21.47,9,no,Engineering ,600267
52,female,33.3,9,yes,MBA,300000
27,female,31.255,9,yes,MBA,300000
18,male,39.14,9,no,Engineering ,600267
40,male,25.08,9,yes,MBA,300000
29,male,37.29,9,yes,MBA,300000
46,female,34.6,9,yes,MBA,300000
38,female,30.21,9,yes,MBA,300000
30,female,21.945,9,yes,MBA,300000
40,male,24.97,9,yes,MBA,300000
50,male,25.3,9,yes,MBA,300000
20,female,24.42,9,no,Engineering ,600267
41,male,23.94,9,yes,MBA,300000
33,female,39.82,9,yes,MBA,300000
38,male,16.815,9,yes,MBA,300000
42,male,37.18,9,yes,MBA,300000
56,male,34.43,9,yes,MBA,300000
58,male,30.305,9,yes,MBA,300000
52,male,34.485,9,yes,MBA,300000
20,female,21.8,9,no,Engineering ,600267
54,female,24.605,9,yes,MBA,300000
58,male,23.3,9,yes,MBA,300000
45,female,27.83,9,yes,MBA,300000
26,male,31.065,9,yes,MBA,300000
63,female,21.66,9,yes,MBA,300000
58,female,28.215,9,yes,MBA,300000
37,male,22.705,9,yes,MBA,300000
25,female,42.13,9,yes,MBA,300000
52,male,41.8,9,yes,MBA,300000
64,male,36.96,9,yes,MBA,300000
22,female,21.28,9,no,Engineering ,600267
28,female,33.11,9,yes,MBA,300000
18,male,33.33,9,no,Engineering ,600267
28,male,24.3,9,yes,MBA,300000
45,female,25.7,9,yes,MBA,300000
33,male,29.4,9,yes,MBA,300000
18,female,39.82,9,no,Engineering ,600267
32,male,33.63,9,yes,MBA,300000
24,male,29.83,9,yes,MBA,300000
19,male,19.8,9,no,Engineering ,600267
20,male,27.3,9,no,Engineering ,600267
40,female,29.3,9,yes,MBA,300000
34,female,27.72,9,no,Engineering ,600267
42,female,37.9,9,yes,MBA,300000
51,female,36.385,9,yes,MBA,300000
54,female,27.645,9,yes,MBA,300000
55,male,37.715,9,yes,MBA,300000
52,female,23.18,9,yes,MBA,300000
32,female,20.52,9,yes,MBA,300000
28,male,37.1,9,yes,MBA,300000
41,female,28.05,9,yes,MBA,300000
43,female,29.9,9,yes,MBA,300000
49,female,33.345,9,yes,MBA,300000
64,male,23.76,9,yes,MBA,300000
55,female,30.5,9,yes,MBA,300000
24,male,31.065,9,yes,MBA,300000
20,female,33.3,9,no,Engineering ,600267
45,male,27.5,9,yes,MBA,300000
26,male,33.915,9,yes,MBA,300000
25,female,34.485,9,yes,MBA,300000
43,male,25.52,9,yes,MBA,300000
35,male,27.61,9,yes,MBA,300000
26,male,27.06,9,yes,MBA,300000
57,male,23.7,9,yes,MBA,300000
22,female,30.4,9,no,Engineering ,600267
32,female,29.735,9,yes,MBA,300000
39,male,29.925,9,yes,MBA,300000
25,female,26.79,9,yes,MBA,300000
48,female,33.33,9,yes,MBA,300000
47,female,27.645,9,yes,MBA,300000
18,female,21.66,9,no,Engineering ,600267
18,male,30.03,9,no,Engineering ,1720.3537
61,male,36.3,9,yes,MBA,300000
47,female,24.32,9,yes,MBA,300000
28,female,17.29,9,yes,MBA,300000
36,female,25.9,9,yes,MBA,300000
20,male,39.4,9,no,Engineering ,38344.566
44,male,34.32,9,yes,MBA,300000
38,female,19.95,9,yes,MBA,300000
19,male,34.9,9,no,Engineering ,34828.654
21,male,23.21,9,no,Engineering ,1515.3449
46,male,25.745,9,yes,MBA,300000
58,male,25.175,9,yes,MBA,300000
20,male,22,9,no,Engineering ,1964.78
18,male,26.125,9,no,Engineering ,1708.92575
28,female,26.51,9,yes,MBA,300000
33,male,27.455,9,yes,MBA,300000
19,female,25.745,9,no,Engineering ,2710.82855
45,male,30.36,9,yes,MBA,300000
62,male,30.875,9,yes,MBA,300000
25,female,20.8,9,yes,MBA,300000
43,male,27.8,9,yes,MBA,300000
42,male,24.605,9,yes,MBA,300000
24,female,27.72,9,yes,MBA,300000
29,female,21.85,9,yes,MBA,300000
32,male,28.12,9,yes,MBA,300000
25,female,30.2,9,yes,MBA,300000
41,male,32.2,9,yes,MBA,300000
42,male,26.315,9,yes,MBA,300000
33,female,26.695,9,yes,MBA,300000
34,male,42.9,9,no,Engineering ,4536.259
19,female,34.7,9,no,Engineering ,36397.576
30,female,23.655,9,yes,MBA,300000
18,male,28.31,9,no,Engineering ,11272.33139
19,female,20.6,9,no,Engineering ,1731.677
18,male,53.13,9,no,Engineering ,1163.4627
35,male,39.71,9,yes,MBA,300000
39,female,26.315,9,yes,MBA,300000
31,male,31.065,9,yes,MBA,300000
62,male,26.695,9,yes,MBA,300000
62,male,38.83,9,yes,MBA,300000
42,female,40.37,9,yes,MBA,300000
31,male,25.935,9,yes,MBA,300000
61,male,33.535,9,yes,MBA,300000
42,female,32.87,9,yes,MBA,300000
51,male,30.03,9,yes,MBA,300000
23,female,24.225,9,yes,MBA,300000
52,male,38.6,9,yes,MBA,300000
57,female,25.74,9,yes,MBA,300000
23,female,33.4,9,yes,MBA,300000
52,female,44.7,9,yes,MBA,300000
50,male,30.97,9,yes,MBA,300000
18,female,31.92,9,no,Engineering ,2205.9808
18,female,36.85,9,no,Engineering ,1629.8335
21,female,25.8,9,no,Engineering ,2007.945
61,female,29.07,9,yes,MBA,300000